index,sepal_length,sepal_width,petal_length,petal_width
count,150.0,150.0,150.0,150.0
mean,5.843333333333334,3.0573333333333337,3.7580000000000005,1.1993333333333336
min,4.3,2.0,1.0,0.1
max,7.9,4.4,6.9,2.5
